1,Ann Arbor,MI,612 E Liberty,48104,734-668-7652,734-668-2455,Keith Bearup,"Mon-Sat 9-11, Sun 9-9,"
2,Columbus,OH,4545 Kenny Road,43220,614-451-2292,614-451-9590,Dale Ray,"M-Th 9-10, Fr-Sa 9-11, Su 9-9,"
3,Madison,WI,3750 University Ave,53705,608-232-2600,608-232-2616,Michael Chaim,"M-Th 9-10, Fr-Sa 9-11, Su 10-9,"
5,Emeryville,CA,5903 Shellmound Street,94608,510-654-1633,510-654-1367,Deb Tully,"M-Th 9-11, Fr-Sa 9-midnight Su 9-9,"
9,Pittsburgh,PA,1775 North Highland Road,15241,412-835-5583,412-835-5637,Jim Males,"Mon-Sat 9-11, Sun 9-9,"
10,Kensington,MD,11301 Rockville Pike,20895,301-816-1067,301-816-8940,Vickie Grohoske,"Mon-Sat 9-11, Sun 9-9,"
12,West Des Moines,IA,"4100 University Ave, Ste 115",50265,515-223-1620,515-223-5607,Trever Jayne,"M-TH 9-10, F-SA  9-11, SU 10-8,"
13,Boca Raton,FL,9887 Glades Rd,33434,561-883-5854,561-883-5073,Randy Ballen,"Mon-Sat 9-11, Sun 9-9,"
14,Beverly Hills,MI,31150 Southfield Road,48025,248-644-1515,248-644-6484,Christie Hickcox,"M-SA 9-10, SU 9-9,"
15,Atlanta,GA,"3637 Peachtree Rd, NE",30319,404-237-0707,404-237-7228,Laurel Gauthier,"Mon-Sat 9-11, Sun 9-10,"
16,Indianapolis,IN,5612 Castelton Corner Lane,46250,317-849-8660,317-841-7234,Steven Tracy,"Mon-Sat 9-10, Sun 10-8,"
17,Chestnut Hill,MA,Rt. 9 - 300 Boylston Street,02467,617-630-1120,617-630-9699,Kelly Higgins,"M-Th 10-10, Fr-Sa 10-11, Su 10-7,"
18,Tucson,AZ,4235 N Oracle Rd,85705,520-292-1331,520-292-5049,Kathryn Pellegrini,"Mon-Sat 9-11, Sun 9-9,"
20,Oak Brook,IL,"1500 16th Street, Suite D",60523,630-574-0800,630-574-2409,Bill Bychowski,"Mon-Sat 9-11, Sun 9-9,"
21,Philadelphia,PA,"1 S. Broad, Suite 100",19107,215-568-7400,215-568-7466,Chris Adams,"M-F 8-10, SA 9-10, SU 10-7,"
22,Rochester,NY,1000 Hylan Drive,14623,585-292-5900,585-292-1485,Susan Gollands,"M-TH 9-10, F/SA 9-11, SU 9-9"
23,Overland Park,KS,9108 Metcalf Avenue,66212,913-642-3642,913-642-3877,Mark Kohlhase,"Mon-Sat 9-11, Sun 9-9,"
25,Framingham,MA,85 Worcester Road,01701,508-875-2321,508-875-3205,Luke Sampson,"M-Th 10-10, Fr-Sa 10-11, Su 10-9,"
26,Marlton,NJ,515 Route 73 South,08053,856-985-5080,856--985-3023,Jackie Kerr,"Mon-Thurs 9-10, Fri/Sat 9-11, Sun 9-9,"
27,Minneapolis,MN,"3001 Hennepin Avenue, South",55408,612-825-0336,612-825-1076,Maria Zachmann,"Mon-Sat 10-10, Sun 10-6,"
28,Beachwood,OH,2101 Richmond Road,44122,216-292-2660,216-292-0039,Joni London,"M-Th 9-10, Fr-Sa 9-midnight, Su 10-9,"
29,Vienna,VA,"8027 Leesburg Pike, Ste 100",22182,703-556-7766,703-556-6458,April Lilley,"Mon-Sat 9-11, Sun 9-9,"
30,Bryn Mawr,PA,1149 Lancaster Ave.,19010,610-527-1500,610-527-8258,Charlotte Coley,"M-Th 9-10, Fr-Sa 9-11, Su 9-9,"
31,Minnetonka,MN,1501 Plymouth Road,55305,952-595-0977,952-595-0792,Dean Caranicas,"M-SA 10-10, Su 10-10"
32,Dallas,TX,"10720 Preston Road, Suite 1018",75230,214-363-1977,214-363-7099,Carlos Guajardo,"Mon-Sat 9-11, Sun 10-9,"
33,Deerfield,IL,49 S Waukegan Road,60015,847-559-1999,847-559-8692,Mark Kastner,"Mon-Sat 9-11, Sun 9-9,"
34,Paramus,NJ,230 Garden State Plaza,07652,201-712-1166,201-712-1250,Dan Zelinski,"M-Th 10-10, Fr-Sa 10-11, Closed on Su"
35,Albany,NY,59 Wolf Road,12205,518-482-5800,518-482-0724,Gary Mele,"Mon-Sun 9-11,"
36,Charlotte,NC,"3900 Colony Road, Suite F",28211,704-365-6261,704-364-4571,Kat LaBonte,"Mon-Sat 9-11, Sun 9-9,"
37,Cincinnati,OH,11711 Princeton Pike,45246,513-671-5852,513-671-8902,Geoff Gannon,"M-SA 10-11, SU 10-9"
38,Stamford,CT,1041 High Ridge Road,06905,203-968-9700,203-968-8099,Raffaelo Piccoli,"M-TH 9-10, F-SA 9-11, Sun 10-9,"
39,Cranston,RI,190 Hillside Rd,02920,401-944-9160,401-942-0430,Paul Steinhilber,"Mon-Sat 9-11, Sun 12-6,"
40,Bohemia,NY,5151 Sunrise Highway,11716,631-244-7496,631-244-7378,Tom Straub,"Mon-Sat 10-11, Sun 10-9,"
41,Lancaster,PA,940 Plaza Blvd,17601,717-293-8022,717-293-8530,Mark Diller,"Mon-Sat 9-11, Sun 11-9,"
43,Lutherville,MD,"170 W. Ridgely Rd., Suite 220",21093,(410) 453-0727,(410) 453-0726,Daniel Miller,"M-Th 10-10, Fr - Sa 10-11, Su 11-9,"
44,Farmingdale,NY,231 Airport Plaza,11735,631-752-0194,631-752-0344,Theresa Glover,"Mon-Sat 10-11, Sun 10-9,"
45,Baileys Crossroads,VA,5871 Crossroads Center Way,22041,703-998-0404,703-998-3161,Marty O'Leary,"Mon-Sat 9-11, Sun 9-9,"
48,Fort Worth,TX,4613 S Hulen,76132,817-370-9473,817-370-1282,Julie Powell,"Mon-Sat 9-11, Sun 10-9,"
49,Waipahu,HI,94-821 Lumiaina Street,96797,808-676-6699,808-676-8426,David Hull,"M-Th 9-10, Fr-Sa 9-11, Su 9-9,"
50,Washington,DC,1801 L Street,20006,202-466-4999,202-466-2403,Dan Kuehn,"M-F 8-9, Sat 10-9, Sun 10-6,"
51,White Plains,NY,60 S. Broadway,10601,914-421-1110,914-421-1813,Kathie Bannon,"M-Th 9-10, Fr-Sa 9-11, Su 10-9,"
53,Utica,MI,45290 Utica Park Boulevard,48315,586-726-8555,586-726-6794,Reg Roehl,"M-Th 10-10, Fr-Sa 10-11, Su 10-9,"
54,Phoenix,AZ,"2402 E Camelback Road, Suite 200",85016,602-957-6660,602-957-2404,Marsha Morris,"Mon-Sat 9-11, Sun 9-9,"
55,Farmington,CT,1600 South East Road,06032,860-674-8110,860-674-5257,Lisa Moretto,"Mon-Sat 9-11, Sun 9-9,"
56,Los Angeles,CA,1360 Westwood Boulevard,90024,310-475-3444,310-474-9627,Jamie Labriola,"M 11-10, Tu-Sa 11-11, Su 11-10,"
57,San Francisco,CA,400 Post Street,94102,415-399-1633,415-399-1898,John Bolduc,"M-Th 9-11, Fr-Sa 9-12 Su 9-11"
58,Chicago,IL,830 N Michigan,60611,312-573-0564,312-573-0120,Julie Johnson,"Mon-Sat 8-11, Sun 9-9,"
59,Peabody,MA,151 Andover Street,01960,978-538-3003,978-532-7187,Peter Sherman,"M-F 10-10, Sat 9-10, Sun 12-8,"
60,Manchester,CT,59 Pavilions Drive,06040,860-649-1433,860-648-5729,Melissa Elliott,"Mon-Sat 9-11, Sun 10-9,"
61,Schaumburg,IL,1540 Golf Road,60173,847-330-0031,847-330-0250,Phillip Weatherford,"Mon-Sat 9-11, Sun 9-9,"
62,Westlake,OH,30121 Detroit Road,44145,440-892-7667,440-892-4248,Rebecca Coste,"Mon-Sat 9-11, Sun 9-9,"
63,Fairlawn,OH,"3737 West Market St, Unit U",44333,330-666-7568,330-666-0285,Fred Van Patten,"Mon-Sat 9-11, Sun 9-9,"
64,Albuquerque,NM,"2100 Louisiana NE, Suite 40",87110,505-884-7711,505-884-6435,Erik Maun,"Mon-Sat 9-11, Sun 11-8,"
65,Portland,OR,708 SW Third,97204,503-220-5911,503-221-9837,Gregory Lasher,"Mon-Sun 9-9,"
66,Seattle,WA,1501 Fourth Avenue,98101,206-622-4599,206-622-8570,Bonnie Meyer,"Mon-Sat 9-10, Sun 9-9,"
69,Mesa,AZ,1361 S Alma School Road,85210,480-833-2244,480-833-1015,Gary Tchida,"Mon-Sat 9-11, Sun 9-9,"
70,Houston,TX,9633A Westheimer Road,77063,713-782-6066,713-782-0430,Kim Sheffield,"Mon-Sat 9-11, Sun 10-9,"
72,Mission Viejo,CA,25222 El Paseo,92691,949-367-0005,949-367-9503,Cidne Balzer,"M-Th 9-10, Fr-Su 9-11, Su 9-10"
73,Naperville,IL,336 South Route 59,60540,630-637-9700,630-637-1482,Susan Davis,"Mon-Sat 9-11, Sun 9-9,"
74,Pittsburgh,PA,1170 Northway Mall,15237,412-635-7661,412-635-7872,Kelli Maxwell,"Mon-Sat 9-11, Sun 9-9,"
75,Wilmette,IL,"3232 Lake Avenue, Suite 100",60091,847-256-3220,847-256-3386,Doug Rizzo,"Mon-Sat 9-11, Sun 9-9,"
78,Dallas,TX,5500 Greenville Avenue,75206,214-739-1166,214-265-0824,John Schober,"Mon-Sat 9-11, Sun 9-9,"
79,Stony Brook,NY,2130 Nesconset Highway,11790,631-979-0500,631-979-0679,Annette Linborg,"Mon-Sat 9-11, Sun 9-9"
81,Las Vegas,NV,2323 S Decatur Boulevard,89102,702-258-0999,702-258-1734,Stacy Swinford,"Mon-Sat 9-11, Sun 9-9,"
82,Philadelphia,PA,8701 Germantown Avenue,19118,215-248-1213,215-248-3220,Linda Cavileer,"M-Th 10-10, Fr-Sa 10-11, Su 10-9,"
84,Wayne,NJ,80 Wayne Town Center,07470,973-785-0037,973-785-8831,Lynn Kassover,"M-Th 10-10, Fr  10-11, Sa 9-11, Su 9-8,"
85,Arlington,VA,1201 Hayes Street,22202,703-418-0166,703-414-8936,Jimmy Castleman,"Mon-Sat 10-11, Sun 10-8,"
86,Torrance,CA,3700 Torrance Blvd,90503,310-540-7000,310-316-9258,Jodi Katz,"M-Th 9-11, Fr-Sa 9-12 Su 9-10,"
87,Milpitas,CA,15 Ranch Drive,95035,408-934-1180,408-934-9627,Kim Sanchez,"Mon-Sat 9-11, Sun 9-9,"
88,Anchorage,AK,1100 E Dimond Blvd,99515,907-344-4099,907-344-6912,Grant Larsen,"M-Th 9-11, Fr-Sa 9-12 Su 9-11,"
89,Columbia,MD,6151 Columbia Crossing Circle,21045,410-290-0062,410-312-4995,Lorie Walker,"Mon-Sat 9-11, Sun 10-10"
90,Plano,TX,"1601 Preston Road, Suite J",75093,972-713-9857,972-713-9135,Jerry Lipson,"Mon-Sat 9-11, Sun 9-9,"
91,Coral Springs,FL,700 University Drive,33071,954-340-3307,954-344-9833,Chris Graham,M-F 10-11 Sat 9-11 Sun 10-9
92,Glen Allen,VA,9750 W Broad St,23060,804-965-0733,804-527-7495,Wayne Rotella,"Mon-Thur 10-10, Fri/Sat 10-11, Sun 10-8"
93,Santa Monica,CA,1415 Third Street Promenade,90401,310-393-9290,310-458-6023,Becky Glenn,"Su-Th 9-11, Fr ; Sa 9-midnight"
94,Bridgewater,NJ,290 Commons Way,08807,908-231-0111,908-231-8869,Marty Gilbert,"Mon-Sat 9-11, Sun 9-9,"
95,Lihue,HI,4303 Nawiliwili,96766,808-246-0862,808-246-6847,Helaine Perel,Mon-Sun 9-9
96,Honolulu,HI,1200 Ala Moana Blvd,96814,808-591-8995,808-596-8190,Diane DeCorte,"M-Th 9-11, Fr-Sa 9-12, Su 9-10,"
97,Gaithersburg,MD,534 N Frederick Avenue,20877,301-921-0990,301-527-6970,Charles Dukes,Mon-Sat 10-11 Sun 10-8
98,Palo Alto,CA,456 University Avenue,94301,650-326-3670,650-326-3791,Pam Parsons,"Mon-Sun 9-10,"
99,Syracuse,NY,9777 Carousel Center Drive,13290,315-466-6100,315-466-8109,Terry Cahill,"Mon-Sat 9-11, Sun 9-9"
100,Cheektowaga,NY,2015 Walden Avenue,14225,716-685-2844,716-685-2294,Dan Zicari,"M-Th 9-11, Fr-Sa 9-midnight Su 10-10,"
102,Los Angeles,CA,330 S La Cienega Blvd,90048,310-659-4045,310-659-4638,David Salas,M-SU  10-11
103,Austin,TX,10225 Research Boulevard,78759,512-795-9553,512-795-8159,Matt Weissler,"Mon-Sat 9-11, Sun 10-11,"
104,Dunwoody,GA,4745 Ashford-Dunwoody Road,30338,770-396-0004,770-604-9672,Michelle Allison,"M-F 10-11, Sat 9-11, Sun 9-9,"
105,Montclair,CA,5055 S Plaza Lane,91763,909-625-0424,909-625-1297,Lyly Bird,"M-Th 10-11, Fr-Sa 10-12 Su 10-10,"
106,Indianapolis,IN,8675 River Crossing Blvd,46240,317-574-1775,317-816-0134,Richard Branch,Mon-Sun 9-9
107,Boise,ID,1123 N Milwaukee,83704,208-322-6668,208-322-6563,Ben Seely,"SU-TH 9-10, F-SA 9-11"
108,Norman,OK,300 Norman Center Court,73072,405-573-4907,405-573-2698,Dan Bye,"Mon-Sat 9-11, Sun 10-10,"
109,Overland Park,KS,12055 Metcalf Avenue,66213,913-663-2356,913-663-2284,Amy Lind,"M-TH 9-10, F-SA  9-11, SU 9-9,"
110,Sunset Hills,MO,10990 Sunset Hills Plaza,63127,314-909-0300,314-909-0791,Susan Allen,"Mon-Sat 9-11, Sun 9-9,"
113,Creve Coeur,MO,11745 Olive Blvd,63141,314-432-3575,314-432-4789,James Schwentker,"Mon-Sat 9-11, Sun 9-9,"
114,Germantown,TN,6685 Poplar Avenue,38138,901-754-0770,901-754-8719,Lori Gresham,"M-Th 9-10, Fr-Sa 9-11, Su 10-9,"
115,Bloomington,IN,2634 E. Third Street,47401,812-333-5500,812-333-5682,Dulcie Holtz,"Mon-Sat 9-11, Sun 9-11,"
116,Dayton,OH,2040 Miamisburg Centerville Rd,45459,937-434-3800,937-434-2869,Kristy Conlin,"M-Th 9-10, Fr & Sa 9-11, Su 10-9,"
117,Pleasanton,CA,4575 Rosewood Drive,94588,925-227-1412,925-227-1426,Kim Hunt,"Mon-Sat 9-11, Sun 9-9,"
118,Thousand Oaks,CA,125 W Thousand Oaks Blvd,91360,805-497-8159,805-496-9371,Alix Alexander,"M-Th 10-11, Fr-Sa 10-12 Su 10-10,"
119,Brea,CA,429 South Associated Rd,92821,714-672-0120,714-672-0140,L Leigh,"M-Th 9-10, Fr-Sa 9-11, Su 9-10,"
120,Boston,MA,10-24 School Street,02108,617-557-7188,617-557-4476,Dan Durica,"M-F 7-9, Sat 8-9, Sun 10-8,"
122,Wichita,KS,1715 Rock Rd & 13th Street,67206,316-634-0800,316-634-2004,Jennifer Schroeder,"Mon-Sat 9-11, Sun 9-9,"
123,Omaha,NE,13105 Birch Street,68164,402-493-9994,402-431-9687,Nancy Johnsen,"Mon-Sat 9-11, Sun 9-9,"
124,Ft Lauderdale,FL,2240 E Sunrise Blvd,33304,954-566-6335,954-630-0251,Jorge Cuevas,"Mon-Sat 9-11, Sun 9-9,"
125,Bangor,ME,116 Bangor Mall Blvd,04401,207-990-3300,207-990-5768,Troy Casa,"Mon-Sat 9-11, Sun 9-9,"
126,Tukwila,WA,"17501 Southcenter Parkway, Suite 200",98188,206-575-4506,206-575-1888,Denise Morris,"M-Th 10-10, Fr-Sa 10-11, Su 10-9,"
129,Santa Barbara,CA,900 State Street,93101,805-899-3668,805-899-9209,Cheryl Tovar,"M-Th 9-10, Fr-Sa 9-11, Su 9-10,"
130,Roseville,CA,"2030 Douglas Blvd, Suite 9",95661,916-784-1088,916-784-6735,Raven Gillis,"Mon-Sat 9-11, Sun 9-9,"
131,Princeton,NJ,"601 Nassau Park, Bldg G",08540,609-514-0040,609-514-1496,Tracey Regester,"M-TH 9-10, F-SA 9-11, SU 9-9"
132,Cary,NC,1751 Walnut Street,27511,919-469-1930,919-469-1743,Sandra Rutcho,"Mon-Sat 9-11, Sun 9-10"
133,South Portland,ME,430 Gorham Rd,04106,207-775-6110,207-871-1863,Gail Sanborn,"Mon-Sat 9-11, Sun 9-9,"
134,Greensboro,NC,3605 High Point Rd,27407,336-218-0662,336-218-0976,Joy Merdan,"Mon-Sat 9-11, Sun 9-9,"
135,Tulsa,OK,2740 R 21st Street,74114,918-712-9955,918-712-2669,Molly Fulton,"Mon-Sun 9-11,"
136,N. Canton,OH,"6751 Strip Avenue, NW",44720,330-494-4776,330-497-8425,Kim Borcoman,"Mon-Sat 9-11, Sun 9-9,"
137,Wilmington,DE,4221 Concord Pike,19803,302-477-0361,302-479-0458,Tim Snook,"M-TH 9-10, F-SA 9-11, SU 9-9"
138,Eau Claire,WI,4030 Commonwealth Ave,54701,715-832-2852,715-832-5897,Mark Diers,"M-Th 10-10, Fr-Sa 10-11, Su 10-9,"
139,Long Beach,CA,2110 Bellflower Blvd,90815,562-799-0486,562-430-6196,Vanessa Cota,"Mon-Sat 9-11, Sun 9-10,"
140,Stafford,TX,12788 Fountain Lake Circle,77477,281-240-6666,281-240-6705,Jean Clark,"Mon-Sat 10-10, Sun 11-9,"
141,San Mateo,CA,2925 El Camino Reala,94403,650-286-1895,650-286-1896,Kara Worden,"M-Sa 9-11, Su 9-9,"
143,Monroeville,PA,200 Mall Blvd,15146,412-374-9772,412-374-9424,Jim Shoaf,"Mon-Sat 9-11, Sun 9-9,"
144,Evanston,IL,1700 Maple Avenue,60201,847-733-8852,847-733-8960,Gideon Berger,"M-Th 10-10, Fr-Sa 10-11, Su 10-9,"
145,San Antonio,TX,11745 I H-10 West,78230,210-561-0022,210-696-8019,Susan Rigg,"Mon-Sat 9-11, Sun 10-9,"
146,Lewisville,TX,"2403 S Stemmons, Suite 100",75067,972-459-2321,972-459-2485,Jeremy Smoot,"M-Th 9-10, Fr-Sa 9-11, Su 10-9,"
147,Henderson,NV,1445 West Sunset Rd,89014,702-433-6222,702-433-2964,Dwayne Hushaw,"M-Th 10-10, Fr 10-11, Sa 9-11, Su 9-9,"
149,Glendale,CA,100 S Brand Blvd,91204,818-241-8099,818-241-2135,Amber West,Daily 10-11
150,Boynton Beach,FL,525 North Congress Avenue,33426,561-734-2021,561-734-5405,Isabel Vasallo,"M-Th 9-10, Fr-Sa 9-11, Su 9-9,"
151,Oklahoma City,OK,3209 Northwest Expressway,73112,405-848-2667,405-858-9069,Wilbur McKiddy,"M-Th 10-11, Fr-Sa 9-11, Su 10-9,"
152,Beaverton,OR,2605 SW Cedar Hills Blvd,97005,503-644-6164,503-644-1498,Michael Davis,"M-TH 9-10, F 9-11, SU 10-9"
153,"Kahului, Maui",HI,"270 Dairy Rd., Suite 190",96732,808-877-6160,808-871-2966,William Nakamura,"M-Th 9-10, Fr & Sa 9-11, Su 9-9,"
163,Englewood,CO,9515 E. County Line Road,80112,303-708-1735,303-708-1746,David Hauck,"Mon-Sat 10-10, Sun 10-7,"
164,Strongsville,OH,17200 Royalton Road,44136,440-846-1144,440-846-2964,Mike Sumser,"Mon-Sat 9-11, Sun 9-9,"
166,Omaha,NE,7201 Dodge Street,68114,402-393-5576,402-393-8757,Tierza Twork,"Mon-Sat 9-11, Sun 9-9,"
167,Tigard,OR,7227 SW Bridgeport Road,97224,503-968-7576,503-684-8425,Judy George,"Mon-Sat 9-11, Sun 10-9,"
168,Traverse City,MI,2612 Crossings Circle,49684,231-933-0412,231-933-9812,Kathy Dittenbir,"Mon-Sat 10-11, Sun 10-9,"
169,Orland Park,IL,15260 S La Grange Road,60462,708-460-7566,708-460-7683,Mike Leyden,"Mon-Sat 9-11, Sun 9-9,"
170,Glendale,AZ,7320 West Bell Rd.,85308,623-487-9110,623-487-9104,Delores Rangel,"Mon-Sat 9-11, Sun 9-9,"
171,Tampa,FL,12500 N Dale Mabry,33618,813-265-8455,813-269-4610,Renee Montgomery,"Mon-Sat 9-11, Sun 9-9,"
172,Columbus,OH,6670 Sawmill Road,43235,614-718-9099,614-760-0015,Bryan Swann,"Mon-Sat 10-10, Sun 10-9,"
173,Wheaton,IL,101 Rice Lake Square,60187,630-871-9595,630-871-5721,Linda Arquilla,"Mon-Sat 9-11, Sun 9-9,"
174,Bowie,MD,4420 Mitchellville Rd.,20716,301-352-5560,301-352-5571,John Shenk,"Mon-Sat 9-11, Sun 9-9,"
175,Reading,PA,1075 Woodland Rd,19610,610-373-0377,610-373-0380,Peter Adams,"M-TH 9-10,  F-SA 9-11, Sun 9-9"
176,Highland,IN,10135 Indianapolis Blvd.,46322,219-922-1103,219-922-4912,John Bodnar,"Mon-Sat 9-11, Sun 9-9"
177,York,PA,3000 Whiteford Road,17402,717-755-0800,717-757-2161,Jim Stroup,"Mon-Sat 9-11, Sun 9-9,"
178,Flint,MI,4135 Miller Rd,48532,810-230-8830,810-230-0754,Patricia Toth,"Mon-Sat 9-11, Sun 9-9,"
179,Commack,NY,68 Veterans Memorial Highway,11725,631-462-0569,631-462-7844,Mimi Scarpulla,"M-Th 10-11, Sa 9-11, 9-9"
180,Birmingham,MI,34300 Woodward,48009,248-203-0005,248-723-0007,Bill Ebensperger,"Mon-Sat 9-10, Sun 9-9,"
181,Altamonte Springs,FL,880 W. State Road 436,32714,407-772-0411,407-772-0635,Anne Hall,"Mon-Sat 9-11, Sun 9-9"
182,Champaign,IL,802 West Town Center Blvd.,61821,217-351-9011,217-351-7233,Linda Bantz,"Mon-Sat 9-11, Sun 9-10,"
183,Las Vegas,NV,2190 N. Rainbow Blvd.,89108,702-638-7866,702-638-0163,Susan Jones,"Mon-Sun 9-11,"
184,Sacramento,CA,2339 Fair Oaks Blvd.,95825,916-564-0168,916-564-0396,Tom Hedtke,"M-Th 10-11, Fr-Sa 9-11, Su 9-9,"
185,Sand City,CA,2080 California Avenue,93955,831-899-6643,831-899-6695,Tracy Brown,"Mon-Sat 9-11, Sun 9-9,"
186,San Antonio,TX,"255 E. Basse Rd., Ste. 350",78209,210-828-9496,210-828-9497,Mary Washburn,"Mon-Sat 9-11, Sun 10-9,"
188,Salem,OR,"2235 Lancaster Dr, NE",97305,503-375-9588,503-373-9712,Lainie Knutson,"M-F 10-10, Sat 9-10, Sun 9-9,"
189,Richfield,MN,800 W. 78th Street,55423,612-869-6245,612-869-8334,Kirk Boettchor,"M- TH 10-10, F - S 10-11, SU 10-9,"
190,Elk Grove,CA,7415 Laguna Blvd.,95758,916-691-1901,916-691-1912,Douglas Thompson,"Mon-Sat 9-11, Sun 9-9,"
191,Redmond,WA,16549 N.E. 74th Street,98052,425-869-1907,425-869-7939,Liz Neff,"M-Th 9-9, Fr-Sa 9-11, Su 10-9,"
192,Los Gatos,CA,50 University Avenue,95030,408-395-6622,408-395-6272,Lisa Laylon,"Mon-Sat 9-11, Sun 9-9,"
193,Mays Landing,NJ,2200 Wrangleboro Rd.,08330,609-407-1960,609-272-9117,Marylew Barrett,"Mon-Sat 9-11, Sun 9-9"
194,Rochester Hills,MI,1122 S. Rochester Rd.,48307,248-652-0558,248 652-9203,Emily Spoutz,"M-Th 10-10, Fr-Sa 10-11, Su 10-9,"
195,Mishawaka,IN,4230 Grape Road,46545,574-271-9930,574-271-9935,Ryan Woodruff,"M-Th 9-10, Fr-Sa 9-11, Su 9-8,"
196,Braintree,MA,255 Grossman Drive,02184,781-356-5111,781-356-5666,Mary Dillon,"M-F 10-11, Sat 9-11, Sun 9-9,"
197,Geneva,IL,1660 S. Randall Road,60134,630-262-8747,630-262-8740,Jill Gecht,"Mon-Sat 9-11, Sun 9-9,"
198,Fort Wayne,IN,4320 Coldwater Rd.,46805,260-471-5598,260-471-7369,Nancy Alexander,"Mon-Sat 9-11, Sun 9-9"
199,Knoxville,TN,202 Morrell Rd.  Suite 100,37919,865-769-4084,865-769-4086,Debi Johnson,"Mon-Sat 9-11, Sun 9-9"
200,New York,NY,461 Park Ave.,10022,212-980-6785,212-980-0529,Al Friscia,"M-F 9-10, Sat 10-8, Sun 11-8,"
201,Fredericksburg,VA,1220 Carl D. Silver Parkway,22401,540-785-6171,540-785-6341,Jeff Ham,"Mon-Sat 9-11, Sun 9-9"
202,North Attleboro,MA,1212 S. Washington St.,02760,508-699-7766,508-699-7776,Sue Carpenter,"M-F 10-11, Sat 9-11, Sun 10-9,"
203,Lawrence,KS,700 New Hampshire Street,66044,785-331-3226,785-331-3778,Lisa Bakke,"SU-TH 9-10, F-SA 9-11"
204,Langhorne,PA,2343 E. Lincoln Highway,19047,215-943-6600,215-943-6602,Dot Smith,"M-Th 9-9, Fr-Sa 9-10, Su 9-9,"
205,Hilo,HI,301 Maka'ala Street,96720,808-933-1410,808-933-1385,Kris Arnett,"M-Th 9-9, Fr-Sa 9-10, Su 9-9,"
206,Kailua-Kona,HI,75-1000 Henry Street,96740,808-331-1668,808-331-1568,Todd Presley,"M-Th 9-9, Fr/Sa 9-10, Su 9-9"
208,Snellville,GA,1929 Scenic Highway,30078,770-982-0454,770-982-0448,Robert Johnstone,"Mon-Sat 9-11, Sun 9-9,"
209,Hyannis,MA,990 Iyannough Road,02601,508-862-6363,508-862-1670,Nelson Barnes,"M-Th 9-10, Fr-Sa 9-11, Su 10-8,"
210,Madison,WI,2173 Zeier Rd.,53704,608-240-0080,608-240-0081,Steve Howe,"M-Th 10-10, Fr-Sa 9-11, Su 10-9,"
211,Davis,CA,500 First Street #1,95616,530-750-3723,530-750-0931,Katherine Zodiaco,"Mon-Sat 9-11, Sun 9-9"
212,Fresno,CA,7722 N. Blackstone Avenue,93720,559-435-5501,559-435-5518,Loch Ockey,Mon-Sun 9-11
213,Ballwin,MO,15355-A  Manchester Road,63011,636-230-2992,636-230-5955,Shawn Kendrick,"Mon-Sat 9-11, Sun 9-9,"
214,Danbury,CT,110 Federal Road,06811,203-798-1100,203-798-1300,Kathi Mulvey,"M-TH 9-10, F-SA 9-11, Sun 9-9"
215,Colorado Springs,CO,1710 Briargate Blvd #209,80920,719-266-1600,719-266-1900,Brian Cole,"Mon-Sat 10-10, Sun 10-7,"
216,Livingston,NJ,530 W. Mount Pleasant Avenue,07039,973-535-9001,973-535-9003,Jeff Lubnow,"Mon-Sat 9-11, Sun 9-9"
217,Brentwood,MO,1519 S. Brentwood Blvd,63144,314-918-8189,314-918-8535,Suzanne Apted,"M-Th 9-11, Fr-Sa 9-12 Su 9-9,"
219,Mt. Kisco,NY,162 E. Main Street,10549,914-241-8387,914-241-8397,Karen Petras,"M-TH 9-10, F 9-11, SA 9-11, Sun 9-9"
220,N. Wales,PA,"801 Bethlehem Pike, 1 Airport Plaza",19454,215-412-2655,215-412-2699,Cadence Smith,"M-Th 9-10, Fr-Sa 9-11, Su 9-9,"
221,Salt Lake City,UT,"50 S. Main Street, #78",84144,801-355-6899,801-355-6224,Teddi Lea Langer,"Mon-Sat 10-10, Sun 11-7,"
222,Plantation,FL,12171 W. Sunrise Blvd.,33323,954-723-9595,954-723-9556,Kim Shriver,"M-F 10-11, Sat 9-11, Sun 10-9,"
224,Cerritos,CA,12615 Artesia Blvd.,90703,562-809-5775,562-809-0989,Edward Cooper,"M - TH 10-10, F - S 10-11, Sun 10-9,"
226,Cuyahoga Falls,OH,335 Howe Avenue,44221,330-945-7683,330-945-4334,Sue Michael,"Mon-Sat 9-11, Sun 9-9"
227,Shrewsbury,MA,476 Boston Turnpike,01545,508-845-8665,508-845-3640,Susan Ash,"M-Th 9-10, Fr-Sa 9-11, Su 9-9,"
228,Manhattan,NY,576 Second Avenue,10016,212-685-3938,212-685-3947,Lynda Stewart,"Mon-Sat 9-11, Sun 9-9,"
229,Springfield,VA,6701 Frontier Drive,22150,703-924-4894,703-924-4895,Cynthia Jackson,"Mon-Sat 9-11, Sun 9-9"
250,Provo,UT,"4801 N. University Ave., Suite 910",84606,801-224-2720,801-221-4792,Matthew Grahl,"Mon-Sat 10-10, Sun 12-7,"
252,Woodbury,MN,8472 Tamarack Bay,55125,651-578-2931,651-578-2947,Hank Jensen,"M-Th 10-10, Fr-Sa 10-11, Su 10-9,"
253,Frederick,MD,5533 Urbana Pike,21704,301-624-1577,301-624-1578,Brenda Freeman,"M 9-11, Tu 9-10, W-Sa 9-11, Su 11-9,"
254,Ocoee,FL,9441 W. Colonial Drive,34761,407-532-2269,407-532-7593,Laurel Roberts,"Mon-Sat 9-11, Sun 9-9,"
255,Nashua,NH,281 Daniel Webster Hwy.,03060,603-888-9300,603-888-5866,Kathy Winans,"M-W 9-10, TH-SA 9-11, SU 9-9"
256,Atlanta,GA,3101 Cobb Parkway,30339,770-612-0940,770-612-0970,Fran Wallace,"M-Th 10-10, Fr-Sa 10-11, Su 9-9,"
257,Fairview Heights,IL,6601 N. Illinois,62208,618-397-6097,618-397-6284,Tracy Bowe,"Mon-Sat 9-11, Sun 10-9,"
259,Oviedo,FL,8285 Red Bug Lake Road,32765,407-977-3385,407-977-3238,Jeff Fike,"M-Th 10-10, Fr-Sa 10-11, Su 10-9,"
260,Costa Mesa,CA,1890 Newport Blvd.,92627,949-631-8661,949-631-8662,Kelly Heyl,"M-Th 10-10, Fr-Sa 10-11, Su 10-10,"
262,Woodbridge,VA,2904 Prince Williams Parkway,22192,703-897-8100,703-897-8200,Sondre Barnett,"M-Th 10-11, Fr-Sa 10-11, Su 10-9,"
264,Tulsa,OK,8015 S. Yale,74136,918-494-2665,918-494-2664,Scott Lankie,"M-Th 9-10, Fr-Sa 9-11, Su 10-9,"
265,Crystal Lake,IL,6000 Northwestern Highway,60014,815-455-0302,815-455-0370,Annette Derer,"M-Th 10-10, Fr-Sa 10-11, Su 10-9,"
266,Orange,CA,"20 City Boulevard, W.",92868,714-385-1025,714-385-9044,Rich Butchko,"M-Th 10-11, Fr-Sa 10-12 Su 10-10,"
267,St. Paul,MN,1390 W. University Avenue,55104,651-641-0026,651-641-0142,Christy Caranicas,"M-Th 10-10, Fr-Sa 9-11, Su 10-10,"
270,Syosset,NY,425 Jericho Turnpike,11791,516-496-3934,516-496-3921,Peggy Zieran,"Mon-Sat 10-11, Sun 10-9"
271,Rockford,IL,199 Deane Dr.,61107,815-399-2898,815-399-2098,Kevin Becker,"M-Th 10-10, Fr-Sa 9-11, Su 9-9,"
273,Grosse Pointe,MI,17141 Kercheval Avenue,48230,313-885-1188,313-885-5353,Sandra Newman,"Mon-Sat 10-10, Sun 10-9,"
274,Murray,UT,132 E. Winchester,84107,801-313-1020,801-313-1021,Cammie Kirkham,"Mon-Sat 10-10, Sun 10-7,"
276,Burlington,VT,29 Church Street,05401,802-865-2711,802-865-6211,Pat Pearsall,"Mon-Sat 9-11, Sun 9-9,"
277,Cincinnati,OH,432 Eastgate Boulevard,45245,513-943-0068,513-943-1622,Ray Atkinson,"M-Th 10-10, Fr-Sa 10-11, Su 10-8,"
278,Santa Fe,NM,"500 Montezuma, Suite 108",87501,505-954-4707,505-954-4722,David Sidebottem,"M-Th 9-10, Fr-Sa 9-11, Su 9-9,"
279,Orlando,FL,1051 W. Sand Lake Road,32809,407-826-8912,407-251-6643,Sandra Giffen,"M-Th 9-10, Fr-Sa 9-11, Su 9-9,"
280,Metarie,LA,3131 Veterans Memorial Blvd.,70002,504-835-1363,504-835-7922,James Wilson,"Mon-Sat 9-11, Sun 10-9,"
282,Chandler,AZ,870 N. 54th Street,85226,480-961-4915,480-961-5172,Damon Moss,"M-Th 10-10, Fr-Sa 10-11, Su 10-9,"
284,Chicago,IL,2210 W. 95th Street,60643,773-445-5471,773-429-9769,Robbie Delson,"Mon-Sat 9-11, Sun 9-9,"
285,Washington DC,DC,"5333 Wisconsin Avenue,NW",20015,202-686-8270,202-686-7104,Lauren Conley,"M-Th 10-10, Fr-Sa 10-11, Su 10-9,"
286,Solon,OH,"6025 Kruse Drive,  Suite 159",44139,440-542-9480,440-542-9485,David Pildner,"M-Th 9-10, Fr-Sa 9-11, Su 9-9,"
287,Eugene,OR,5 Oakway Center,97401,541-345-6072,541-345-6156,James Scolastico,"M-F 10-10, Sat 9-10, Sun 9-9,"
288,City of Industry,CA,1600 S. Azusa Avenue,91748,626-913-9344,626-913-1150,Paula Cline,"M-Th 10-11, Fr-Sa 10-12 Su 10-11,"
289,Manassas,VA,11270 Bulloch Dr.,20109,703-368-9824,703-368-3465,Nicole Nedela,"M-Th 10-10, Fr-Sa 10-11, Su 10-9,"
290,Marietta,GA,4475 Roswell Rd. - Ave. E. Cobb,30062,770-565-0947,770-565-0948,Michael Streetman,"Mon-Sat 9-11, Sun 9-9,"
292,Davenport,IA,4000 East 53rd Street,52807,563-359-7830,563-359-7831,Kit Whan,"Mon-Sat 9-11, Sun 9-9,"
293,Raleigh,NC,8825 N. Six Forks Rd.,27615,919-845-1154,919-845-2650,Kevin O'Brien,"M-Tu 9-10, W-Sa 9-11, Su 10-9,"
294,Northridge,CA,9301 Tampa Avenue,91324,818-886-5443,818-886-5424,Ken McCullagh,"M-Th 10-11, Fr-Sa 10-11 Su 10-10,"
295,Augusta,GA,"257 Robert C. Daniel, Jr. Parkway",30909,706-737-6962,706-737-6963,Sally Wilson,"M-Th 10-10, Fr-Sa 9-11, Su 9-9,"
296,Reno,NV,4995 South Virgina Street,89502,775-448-9999,775-448-9998,Ronda Baichtal,"Mon-Sat 9-11, Sun 9-10,"
297,Valencia,CA,24445 Town Center Dr.,91355,661-286-1131,661-286-1155,Irene Ochoa,"M-SA, 10-11 SU 10-10,"
298,Austell,GA,1605 East-West Connector Road,30106,770-941-8740,770-941-8741,Tracy Wisenburg,"M-Th 10-10, Fr 10-11, Sa 9-11, Su 9-9,"
299,Canoga Park,CA,6510 Canoga Ave.,91303,818-887-1999,818-887-3311,Marjorie Warren,"Mon-Sat 10-11, Sun 10-10,"
300,Winter Park,FL,600 North Orlando Ave,32789,407-647-3300,407-647-6923,Jo Sandon,"Mon-Sat 9-11, Sun 9-9,"
301,Federal Way,WA,1824 South 320th Street,98003,253-946-5877,253-946-5950,Jon Cork,"Mon-Sat 10-10, Sun 10-9,"
303,Ann Arbor,MI,3527 Washtenaw Ave.,48104,734-677-6948,734-677-6949,Christie Hickcox,"Mon-Sat 9-11, Sun 9-9,"
335,Visalia,CA,3405 S. Mooney Blvd.,93291,559-733-2525,559-733-2626,Patricia Dodd,"Mon-Sat 9-11, Sun 9-9,"
336,Fox Point,WI,8705 N. Port Washington,53217,414-540-1427,414-540-1454,Kim Kincaid,"M-Th 10-10, Fr-Sa 10-11, Su 10-9,"
337,Auburn Hills,MI,3924 Baldwin Rd.,48326,248-335-5013,248-335-5089,Todd Allen,"M-Th 10-10, Fr-Sa 10-11, Su 10-9,"
338,Winston-Salem,NC,252 S. Stratford Rd.,27103,336-727-8834,336-727-1417,Joe Champion,"Mon-Sat 8-11, Sun 9-10,"
340,Concord,NH,76 Fort Eddy Road,03301,603-224-1255,603-224-1357,Paul Wenzel,"Mon-Sat 9-11, Sun 10-8,"
342,Phoenix,AZ,4555 East Cactus Rd,85032,602-953-9699,602-953-9731,Cathy Greenbaum,"M-Th 10-10, Fr-Sa 10-11, Su 10-9,"
344,Tallahassee,FL,1302 Apalachee Parkway,32301,850-402-9863,850-878-2593,Scott Ringer,"Mon-Sat 9-11, Sun 9-9"
345,Whitehall,PA,1937 Whitehall Mall,18052,610-432-5520,610-432-5521,Heidi Klein,"Mon-Sat 9-11, Sun 9-9,"
346,Santa Rosa,CA,2825 Santa Rosa Avenue,95407,707-569-0991,707-569-0994,Nicholas Long,"M-Th 9-10, Fr-Sa 9-11, Su 9-9,"
347,Cincinnati,OH,9459 Colerain Ave.,45251,513-245-9898,513-245-9994,Mark Davis,"M-Th 10-10, Fr-Sa 10-11, Su 10-8,"
348,Troy,MI,460 W. 14 Mile Rd.,48083,248-585-6029,248-585-6054,Greg Holmes,"M-Th 10-9, Fr-Sa 10-10, Su 10-7,"
349,Sterling,VA,21031 Triple Seven Rd. Suite 100,20165,703-430-4675,703-430-5985,Megan Stilinovic,"Mon-Sat 9-11, Sun 9-9,"
351,Pleasant Hill,CA,120 Crescent Drive,94523,925-686-4835,925-686-4162,Pam Chadwick,"Mon-Sat 9-11, Sun 9-10,"
354,Hollywood,CA,1501 Vine Street,90028,323-463-8519,323-466-0623,Holly Peters,"M-TH 10-11, F-SA 10-Midnight, SU 10-10"
355,Gainesville,FL,6837 Newberry Road,32605,352-331-2722,352-331-8376,Pam Jones,"M-Th 10-10, Fr-Sa 10-11, Su 10-9,"
356,Hato Rey,PR,"First Level Plaza Las Americas, 525 F. D. Roosevelt",00918,787-777-0916,787-777-0903,Diana Hernandez GM (B0356),"Mon-Sat 9-9, Sun 11-5"
357,Modesto,CA,3900 Sisk Rd,95356,209-543-6095,209-543-6096,Rachel Hyden,"Mon-Sat 9-11, Sun 9-9,"
358,Mentor,OH,9565 Mentor Avenue,44060,440-350-8168,440-350-8182,Tom Polakowski,"M-Th 9-10, Fr-Sa 9-11, Su 9-9,"
359,Sherman Oaks,CA,14651 Ventura Blvd.,91403,818-728-6593,818-728-6594,Robert Aguayo,"Mon-Sat 10-11, Sun 10-10,"
360,Buford,GA,1705 Mall of Georgia Blvd - Suite 200,30519,678-482-0872,678-482-8266,Joan Dudzinski,"M-Th 10-10, Fr 10-11, Sa 9-11, Su 9-9,"
361,Northglenn,CO,241 W 104th St,80234,303-920-1594,303-920-1724,Ryan Bergenthal,"Mon-Sat 10-10, Sun 10-9,"
362,San Diego,CA,668 6th Avenue,92101,619-702-4200,619-702-4201,Christian Calle,"M-TH 10-11, F-SA 10-Midnight, SU 11-10"
363,Mt. Prospect,IL,909 North Elmhurst Rd,60056,847-342-6421,847-342-6905,Nora Whitlock,"M-Th 10-10, Fr-Sa 10-11, Su 10-9,"
364,Victor,NY,30 Square Drive,14564,585-421-9230,585-421-9240,Greg Rumley,"M-Th 10-10, Fr-Sa 10-11, Su 11-8,"
365,Raleigh,NC,404-101 East Six Forks Rd,27609,919-755-9424,919-755-9484,Kristin Catel,"M-Th 10-10, Fr 10-11, Sa 9-11, Su 9-9,"
367,Austin,TX,4477 S. Lamar,78745,512-891-8974,512-891-8975,David Berkman,"Mon-Sat 10-11, Sun 10-9,"
368,Warren,OH,2102 Niles-Cortland Rd. SE,44484,330-544-1761,330-544-2224,Billy Griffith,"M-Th 9-10, Fr-Sa 9-11, Su 9-9,"
369,Rapid City,SD,2130 N. Haines Avenue,57701,605-394-5334,605-394-8935,Tammy Barrows,"M-Th 9-10, Fr-Sa 9-11, Su 10-9,"
370,Barboursville,WV,"120 Huntington Mall, PO Box 4219",25504,304-736-6233,304-736-6243,Paul Goebel,"M-Th 10-10, Fr-Sa 10-11, Su 10-9,"
371,Indianapolis,IN,7565 U.S. 31 South,46227,317-859-2949,317-859-2943,Marcella McFarlin,"M-Th 9-10, Fr-Sa 9-11, Su 9-9,"
372,Hagerstown,MD,17636 Garland Groh Blvd,21742,301-745-5897,301-790-0647,Ed Mitchell,"M-F 10-10, Sa 9-11, Su 10-9,"
373,Olathe,KS,15350 West 119 St,66062,913-764-0336,913-764-2177,Rodney Ratzlaff,"Mon-Sat 9-11, Sun 9-9,"
374,Los Angeles,CA,"6081 Center Dr, Suite 118",90045,310-215-3720,310-215-9872,Patricia Laurance,"M-Th 10-10, Fr-Sa 10-11, Su 10-10,"
375,Littleton,CO,8501 West Bowles Ave,80123,303-933-6787,303-933-5269,Peter Mergendahl,"Mon-Sat 10-10, Sun 10-7,"
376,Douglasville,GA,6594 Douglas Blvd.,30135,770-577-9787,770-577-4898,David Beltz,"M-Th 10-10, Fr-Sa 10-11, Su 11-8"
377,Erie,PA,2088A Interchange Rd,16509,814-864-8937,814-864-1746,Linda Casella,"M-Th 10-10, Fr-Sa 10-11, Su 10-9,"
379,San Ramon,CA,120 Sunset Dr,94583,925-830-1190,925-830-0507,Diane Tillemans,"Mon-Sat 9-11, Sun 9-9"
380,Harrisburg,PA,"5125 Jonestown Road, Suite 465",17112,717-541-9727,717-541-9732,Dennis Simpson,"Mon-Sat 9-11, Sun 9-9,"
382,Providence,RI,142 Providence Place,02903,401-270-4801,401-207-4812,Michele Provost,"M-Th 9-9:30, Fr-Sa 9-11, Su 12-6,"
383,Atlanta,GA,"650 Ponce de Leon, Suite 500",30308,404-607-7903,404-607-8207,Kelly Williams,"Mon-Sat 9-11, Sun  9-10"
384,Germantown,MD,20926 Frederick Rd,20874,301-528-0862,301-528-6920,Ken Moir,"M-Th 10-10, Fr 10-11, Sa 9-11, Su 9-9,"
385,Cleveland Heights,OH,3466 Mayfield Rd,44118,216-291-8605,216-291-8655,Annie Holden,"Mon-Sat 9-11, Sun 9-9,"
386,Nashville,TN,2501 Westend,37203,615-327-9656,615-327-1340,Juan Jimenez,"M-Th 10-10, Fr 10-11, Sa 9-11, Su 9-9,"
387,Santa Cruz,CA,"1200 Pacific Ave, Suite 100",95060,831-466-9644,831-466-9648,Mike Jackson,"M-SA 9-11, SU 9-10"
388,Costa Mesa,CA,3333 Bear Street,92626,714-432-7854,714-432-7841,Terry Harville,"Mon-Sat 10-10, Sun 10-9,"
389,Saratoga Springs,NY,395 Broadway,12866,518-583-1200,518-583-2424,Rick Wallace,"M-Th 9-9, Fr-Sa 9-11, Su 9-9,"
390,Oak Park,IL,1144 Lake St,60301,708-386-6927,708-386-6941,Christine Zarzar,Mon-Sun 9-9
391,Brentwood,TN,330 Franklin Road,37027,615-221-8804,615-221-8805,Carol Dublin,"M-TH 9-9, F-SA 9-10, SU 10-8,"
392,Tucson,AZ,5870 E. Broadway Blvd,85711,520-584-0111,520-584-0110,Colleen O'Connor-Shupe,"Mon-Sat 9-11, Sun 9-9,"
393,West Palm Beach,FL,1801 Palm Beach Lakes Blvd,33401,561-689-4112,561-689-4334,Trevor Smith,"Mon-Sun 9-9,"
394,West Lebanon,NH,285 Plainfield Rd,03784,603-298-9963,603-298-9970,Linda Shirley,"M-Th 9-10, Fr-Sa 9-11, Su 9-9,"
395,Jensen Beach,FL,3066 NW Federal Hwy,34957,772-692-0667,775-692-8668,Sheridan Mickelson,"Mon-Sat 9-11, Sun 9-9,"
397,Gurnee,IL,6971 West Grand Ave,60031,847-249-1845,847-249-1470,Gerald Reynolds,"M-Th 10-10, Fr-Sa 10-11, Su 10-9,"
401,Folsom,CA,2765 E. Bidwell St,95630,916-984-5900,916-984-5912,Sophia Garman,"M-W 9-10, Th-Sa 9-11, Su 9-9,"
402,Yorba Linda,CA,22401 Old Canal Rd,92887,714-974-4743,714-974-7123,Michael Wetherholt,"M-Th 10-10, Fr-Sa 10-11, Su 10-10,"
404,Fremont,CA,"39210 Fremont Hub, Suite 211",94538,510-797-9799,510-797-9933,Anne Mixson,"Mon-Sun 9-11,"
406,Goleta,CA,7000 Marketplace Ave,93117,805-968-1370,805-968-8270,Rayshaun Grimes,"Mon-Sat 10-11, Sun 10-10,"
407,Boulder,CO,1600 Pearl Street,80302,720-565-8266,720-565-3054,Alison Zemanek,"M-Sa 10-10, Su 10-8"
408,St. Charles,IL,3539 E Main,60174,630-443-8160,630-443-8166,Helen Nakos,"M-Th 10-10, Fr-Sa 10-11, Su 10-9"
410,Naples,FL,"10600 Tamiami Trail North, Suite 600",34108,239-596-7199,239-596-7299,Christopher Reid,"M-SA 9-11, SU 9-9"
411,Kennesaw,GA,"605 Ernest W Barrett Parkway, Bldg 400",30144,678-581-1243,678-581-2384,Sean Wallace,"M-Th 10-10, Fr 10-11, Sa 9-11, Su 9-9,"
412,Washington,DC,"600 14th Street NW, Suite 100",20005,202-737-1385,202-737-1386,Shawn Brown,"M-Th 8-8, Fr 8-10, Sa 10-8, Su 10-6,"
413,Greeley,CO,2863 35th Ave,80634,970-506-9692,970-506-9693,Kimberly Manser,"Mon-Sat 10-10, Sun 10-9,"
414,Fort Worth,TX,4601 W. Freeway,76107,817-737-0444,817-737-0555,Jacquelyn Goodman,"Mon-Sat 9-11, Sun 10-9,"
415,Broomfield,CO,"1 West Flatiron Circle Village, Unit 332",80021,303-466-4044,303-466-7007,Helisa Levinthal,"M-TH 10-10, F-SA 10-11, SU 11-9,"
417,Puyallup,WA,3829 S. Meridian,98374,253-845-8751,253-845-8813,KJ Anderson,"M-Th 10-9, Fr-Sa 10-11, Su 10-9,"
418,Dallas,TX,"15757 Coit, Suite 310",75248,972-458-0400,972-386-0491,Nancy Gray,"M-Th 10-10, Fr-Sa 9-11, Su 10-9,"
419,Fairfield,CT,1499 Post Rd,06824,203-256-1619,203-256-1526,Heather Polk,"M-TH 9-10, F-SA 9-11, Sun 10-9,"
436,Gresham,OR,687 NW 12th St,97030,503-674-3917,503-674-3759,Andree Kelly,"M-Th 10-10, Fr-Sa 10-11, Su 10-9,"
438,Roseville,CA,"1173 Galleria Blvd, Suite P114",95678,916-788-1580,916-788-1588,Mark Ogburn,"M-Th 10-9, Fr-Sa 10-11, Su 10-7,"
439,Cambridge,MA,100 Cambridgeside Place,02141,617-679-0887,617-679-0883,Paul Gagne,"Mon-Sat 10-9:30, Sun 11-7,"
440,Virginia Beach,VA,1744 Laskin Road,23451,757-425-8031,757-425-8414,Bradley Mattocks,"Mon-Sat 9-11, Sun 9-9,"
441,Longmont,CO,1101 S. Hover Street,80501,303-684-6446,303-684-6473,Amy Pope,"Mon-Sat 9-10, Sun 9-9,"
442,Dickson City,PA,100 Viewmont Mall,18508,570-340-1044,570-340-1045,Mike Ashworth,"Mon-Sat 9-11, Sun 9-9,"
445,Kingston,MA,"101 Independence Mall Way, C113",02364,781-582-8100,781-582-8200,Jerry Longhi,"M-Th 10-9:30, Fr-Sa 10-10, Su 11-6,"
446,Glen Mills,PA,"965 Baltimore Pike, Suite B",19342,610-558-3787,610-558-2946,Grace Kahn,"M-Th 10-10, Fr-Sa 10-11, Su 10-9,"
447,Paramus,NJ,"240 Rt 17 North, Unit 5",07652,201-634-0110,201-634-0283,Robin Lubnow,"Mon-Sat 9-10, Closed on Sun"
448,Methuen,MA,"90 Pleasant Valley St, Unit 110",01844,978-689-1999,978-689-1919,Dan MacDonald,"M-Th 10-10, Fr-Sa 10-11, Su 10-9,"
451,Annapolis,MD,1115 Annapolis Mall,21401,410.571.0923,410-990-0785,Jackie Kelly,"Mon-Sat 9-11, Sun 9-9,"
452,Silver Springs,MD,8518 Fenton Street,20910,301-585-0550,301-585-4774,Abby Kern,
453,Corvallis,OR,"777 NW Nineth Street, Suite 300",97330,541-738-0580,541-738-0536,Tricia Berry,"M-Th 9-10, Fr-Sa 9-11, Su 9-9,"
454,Athens,GA,"196 Alps Rd, Suite 50",30606,706-583-8647,706-583-8648,Vicki Johnson,"M-SA 9-11, SU 9-10,"
455,Camp Hill,PA,3515 Gettysburg Road,17011,717-975-2132,717-975-2854,Steve Baker,"M-Th 10-10, Fr 10-11, Sa 9-11, Su 9-9,"
460,Tempe,AZ,"699 South Mill Ave., Suite 119",85281,480-921-8659,480-921-8631,Mark Panza,"M-SA 9-11, SU 9-9"
461,Mt. Laurel,NJ,4010 Dearborn Circle,08054,856-866-9090,856-866-1052,Chris Croson,"Mon-Thurs 10-11, Fri/Sat 9-11, Sun 9-9,"
463,Rancho Mirage,CA,"71800 Highway 111, Suite B119",92270,760-779-1314,760-779-1952,James Davis,"M-Th 10-11, Fr-Sa 10-12 Su 10-11,"
464,Lee's Summit,MO,1664 N.W. Chipman Road,64081,816-347-0044,816-347-1631,Jody Wightman,"Mon-Sat 9-11, Sun 9-9,"
467,Greendale,WI,5250 S. 76th Street,53129,414-282-0882,414-282-0884,Todd Smith,"M-Th 9-10, Fr-Sa 9-11, Su 9-9,"
470,El Cajon,CA,159 Fletcher Parkway,92020,(619) 593-5119,(619) 593-5131,Beth Cosler,"M-Th 10-10, Fr-Sa 10-11, Su 10-10,"
472,Flowood,MS,100 Dogwood Blvd.,39232,601-919-0462,601-919-0587,David Glover,"Mon-Sat 9-11, Sun 9-9,"
475,Scarsdale,NY,680 White Plains Road,10583,914-725-4637,914-725-7224,Catherine Landau,"M-Th 9-10, Fr-Sa 9-11, Su 10-9,"
476,Selma,TX,8340 Agora Pkwy,78154,210-658-0808,210-658-0119,Stephanie Calderon,"Mon-Sat 9-11, Sun 10-9,"
479,Ramsey,NJ,235 Interstate Shopping Center,07446,201-760-1967,201-760-1938,Pat Holland,"Mon-Sat 9-11,Sun 10-9"
480,Bolingbrook,IL,161 N. Webber,60490,630-771-9560,630-771-9593,Maria Kozi-O'Donnell,"Mon-Sat 9-11, Sun 9-9,"
481,Aurora,CO,6606 South Parker Road,80016,303-680-4023,303-680-4028,Beth Ann Goodwill,"M-Th 9-10, Fr-Sa 9-11, Su 9-10,"
482,Carolina,PR,5891 Plaza Escorial,00987,787-701-6200,787-701-6326,Anthony Clementi,"M-SA 9-11, SU 11-9"
483,Norridge,IL,7100 W. Forest Preserve Drive,60706,708-457-2111,708-457-2144,Abigail Walters,"Mon-Sat 9-11, Sun 9-9,"
485,Oxnard,CA,241 W. Esplanade Drive,93030,805-988-6886,805-988-1210,Robert Radford,"Mon-Sat 10-11, Sun 10-10,"
486,Wichita,KS,"2441 N. Maize Road, Suite 401",67205,316-729-6665,316-729-6629,Greg Schmidt,"M-TH 9-10, F-SA 9-11, SU 9-9"
487,King of Prussia,PA,650  Mall Blvd.,19406,610-337-9009,610-337-7256,Deborah Frank,"Mon-Sat 10-9:30, Sun 11-6,"
488,Indianapolis,IN,"11 S. Meridian Street, Suite 110",46204,317-972-8595,317-972-8597,Tim Culbertson,"M-Th 8-10, Fr-Sa 10-11, Su 10-8,"
489,Eatontown,NJ,135 Highway 35,07724,732-542-1785,732-542-2823,Rebecca Goodman,"Mon-Sat 9-11, Sun 9-9,"
490,Chapel Hill,NC,1807 Fordham Blvd.,27514,919-929-8332,919-929-4163,Brandon Jaynes,"M-SA 9-11, SU 9-10,"
491,San Jose,CA,"356 Santana Row, Suite 1030",95128,408-241-9100,408-241-9105,Ken Alpen,
492,St. Peters,MO,1320 Mid Rivers Mall,63376,636-278-5000,636-278-5001,Brendan Cody,"M-TH 9-10, F-SA 9-11, SU 11-8"
493,Brandon,FL,2020 Town Center Blvd.,33511,813-661-5734,813-661-5936,Darcy Taylor,"M-TH 10-11, F-SA 9-11, SU 10-10"
494,Minneapolis,MN,600 Hennepin Avenue,55402,612-339-4859,612-339-3198,Matt Seedorf,"M-TH 10-11, F-SA 10-midnight, SU 12-6"
495,LaGrange,IL,1 N. La Grange Road,60525,708-579-9660,708-579-9110,Siobhan Conroy,"M-TH 9-10, F-SA 9-11, SU 9-9"
496,Lithonia,GA,"8000 Mall Parkway, Suite 2460",30038,678-526-2550,678-526-2517,Angie Short,"Mon-Sun 9-11,"
497,Chino,CA,3833 Grand Avenue,91710,909-548-3604,909-548-3605,Brent Siddons,"Mon-Sat 9-11, Sun 9-9,"
498,DeKalb,IL,2520 Sycamore Road,60115,815-758-8771,815-758-8775,Julie Morsch,"Mon-Sat 9-11, Sun 9-9,"
500,Colorado Springs,CO,2120 Southgate Road,80906,719-632-6611,719-632-6622,Stephanie Daigle,"M-TH 9-10, F-SA 9-11, SU 9-9"
503,McHenry,IL,2221 Richmond Road,60050,815-578-9330,815-578-9376,Stephen Jurczyk,"M-TH 9-10, F-SA 9-11, SU 10-9"
504,Carmel,IN,2381 Pointe Parkway,46032,317-843-0450,317-843-0455,Marty Beck,"M-TH 9-10, F & SA  9-11, SU 9-9,"
506,Highland Park,IL,595 Central Avenue,60035,847-433-9130,847-433-9135,Manuela Keenan,"M-TH 10-10, F 10-11, S 9-11, S 10-9"
507,Ithaca,NY,40 Catherwood Road,14850,607-257-0444,607-257-3003,Rebecca Elliot,"M-TH 10-10, F-SA 10-11, SU 10-9"
508,Evansville,IN,"6401 E. Lloyds Expressway, Suite 1",47715,812-402-9300,812-402-9301,Mark Hancock,"M-TH 10-10, F-SA 10-11, SU 10-9"
512,Bakersfield,CA,4980 Stockdale Highway,93309,661-328-9800,661-328-9802,Jana Miller,
513,Union Gap,WA,1700 East Washington Aveune,98903,509-248-4018,509-248-4019,Kim Bray,"M-TH 9-9, F-SA 9-11, SU 10-9"
514,Plattsburgh,NY,"60 Smithfield Blvd., Suite 103",12901,518-566-7006,518-566-7009,Jim Verrill,"M-TH 9:30-10, 9:30-11, 9:30-9"
515,Watertown,NY,"21182 Salmon Run Loop West, Ste 118",13601,315-779-0006,315-779-0003,Tammy Old,"M-TH 9-10, F-SA 9-11, SU 9-9"
516,Normal,IL,200 A North Greenbriar Drive,61761,309-888-4246,309-888-4237,Tami Whiteaker,
518,West Lafayette,IN,348 E. State Street,47906,765-743-7775,765-743-7776,Steve Bucklin,"SU-TH 9-10, F-SA 9-11"
519,San Francisco,CA,200 King Street,94107,415-357-9931,415-357-9783,Kitty Clark,
520,Carlsbad,CA,"1905 Calle Barcelona, Suite 120",92009,760-479-0242,760-479-2354,Katie Briggs,"M-Th 9-10, F-SA 9-11, SU 10-10"
521,Rancho Santa Margarita,CA,22372 El Paseo,92688,949-635-2800,949-635-2805,Darrel Shirk,"M-TH 10-9, F-SA 9-10, SU  10-9"
522,Lakewood,CO,"14500  W. Colfax Ave, Suite 145",80401,303-277-9101,303-277-9103,Kevin Kihn,"M-TH 10-9:30, F-SA 10-10, SU 10-8"
523,Rolling Hills Estates,CA,"550 Deep Valley Drive, Suite 261",90274,310-544-4678,310-544-4246,Peter Ledesma,"M-TH 10-10, F-SA 10-11,  SU 10-9"
524,Waterford,CT,915 Hartford Turnpike Space C4,06385,860-442-3366,860-442-3377,Deborah Woolbert,"M-SA 9-11, SU 10-9"
527,La Habra,CA,1310 S. Beach Blvd.,90631,562-691-8969,562-691-8020,Sandra Kang,"TH 10-10, F-SA 9-Midnight, SU 9-10"
529,Springfield,MO,3300 S. Glenstone Avenue,65804,417-881-4111,417-881-4220,Scott McDaniel,"M-TH 9-10, F-SA 9-11, SU 10-9"
530,Wilton,CT,14 Danbury Road (Gateway Center),06897,203-834-0600,203-834-0337,Eileen Leheny,"M-TH 9-10, F-SA 9-11,  SU 10-9"
531,Coon Rapids,MN,3577 River Rapids Drive NW,55448,763-755-7550,763-755-7558,Steven Neilson,"M-SA 9-10, SU 10-7"
532,Spokane,WA,9980 Newport Road,99218,509-466-2231,509-466-2241,Jennie Groshong,"M-TH 10-9, F-SA 9-11, SU 10-9"
533,Atlanta,GA,"1745 Peach Tree Street NE, Suite A",30309,404-810-9004,404-810-9030,Charlotte Jackson,"M-SA 10-11, SU 10-9"
534,Las Vegas,NV,10950 W. Charleston Blvd.,89135,702-382-6101,702-382-1585,Dean Austin,M-SU 9-11
536,Franklin,TN,"545 Cool Springs Blvd, Suite 190",37067,615-771-2870,615-771-2923,Karen Karel,"M-TH 9-10, F-SA 9-11, SU 11-8"
537,San Luis Obispo,CA,243 Madonna Road,93405,805-544-8222,805-544-8250,Lincoln Krautkraemer,"M-SA 10-10, SU 10-9"
538,Scottsdale,AZ,7000 E. Mayo Blvd. Suite 1050,85054,480-513-8848,480-515-2345,Douglas DeWeese,"M-SA 9-11, SU 9-9"
539,Clarksville,TN,2801 Wilma Rudolph Blvd,37040,931-906-7049,931-906-7936,Mattie Ingram,"M-F 9-9, F-SA 9-10, SU 11-7"
541,Mesquite,TX,2709 N.Mesquite Drive,75150,972-279-5203,972-279-5216,Jordan Lopez,"M-TH 10-10, F-SA 9-11, SU 10-9"
542,Largo,MD,931 Capital Centre Blvd.,20774,301-499-2173,301-499-2174,Denielle Johnson,"M-TH 9-10, F-SA 9-11, SU 9-9"
543,Milwaukee,WI,101 West Wisconsin Avenue,53203,414-225-9977,414-225-9978,Kelly Edmonds,"M-SA 8-9, SU 10-8"
544,Santa Fe,NM,3513 Zafarano Drive,87507,505-474-9450,505-474-9455,Derek Buschman,"M-TH 9-10, F-SA 9-11, SU 9-9"
545,Dillon,CO,264 Dillion Ridge Way,80435,970-262-1220,970-262-1226,Samantha Kosanovich,"M-SA 10-10, SU 10-8"
547,Peoria,IL,"5201 West War Memorial Drive, Suite 100",61615,309-692-3082,309-692-3319,David Gritzmacher,"M-SA 10-10,  SU 10-8"
548,Bozeman,MT,"2855 North 19th  Avenue, Suite C",59718,406-522-9789,406-522-9787,Tiffany Lach,"M-SA 9-10, SU 9-9"
549,Chicago,IL,1539 E 53rd Street,60615,773-752-8663,773-752-8664,Lisa Maslan,"M-SA 9-11, SU 9-9"
551,Turlock,CA,2831 Countryside Drive,95380,209-632-5000,209-632-5059,Jim Ontiveros,"M-TH 9-10, F-SA 9-11, SU 10-9"
553,Logan,UT,1050 North Main Street,84321,435-787-0678,435-787-0687,Tricia Lefever,
554,Chicago,IL,4718 N. Broadway Ave,60640,773-334-7338,773-334-8354,Shannon Snider,"M-TH 10-10, F-SA 10-11, SU 10-9"
555,Coure d'Alene,ID,450 West Wilbur Avenue,83815,208-762-4497,208-762-4957,Sean Thornton,"M-TH 9-9, F-SA 9-10, SU 10-7"
556,Louisville,KY,400 S. 4th Street,40202,502-562-2100,502-562-0028,Deborah Lepper,
557,Brighton,MI,8101 Movie Drive,48116,810-225-1717,810-225-1718,Daniel Larson,"M-TH 9-10, F-SA 9-11, SU 9-9"
558,Charlotte,NC,7836 Rea Road,28277,704-752-3782,704-752-5139,Paul Conroy,"M-SA 9-11, SU 9-9"
560,Billings,MT,"2833 King Avenue West, Suite B",59102,406-656-0855,406-656-0877,Erik Gothberg,"M-SA 10-10, SU 10-9"
562,Grand Junction,CO,"2464 U.S. Highway 6 & 50 , Suite 132",81505,970-255-8655,970-255-8699,John Bingham,"M-TH 10-10, F-SA 9-11, SU 10-10"
564,Chicago,IL,755 W. North Avenue,60610,312-266-8060,312-266-8063,Judith Warren,"M-SA 9-11,  SU 9-9"
565,Kansas City,MO,8628 North Boardwalk Avenue,64154,816-741-1787,816-741-1702,Chris Lind,"M-TH 9-10, F-SA 9-11, SU 9-9"
567,Eureka,CA,"3300 Broadway, Suite 320",95501,707-268-8000,707-268-3906,Desmond Mosley,"M-TH 10-10, F-SA 10-11, SU 10-9"
568,Rockaway,NJ,"327 Mt. Hope Avenue,  Suite 1003",07866,973-659-1027,973-659-0172,Steve Mateychick,"M-SA 9-11, SU 9-9"
569,Maple Grove,MN,12059 Elm Creek Blvd.,55369,763-494-0720,763-494-9343,Wendy Thoreson,"M-TH 9-10, F-SA 9-11, SU 9-8"
570,Kalispell,MT,2395 N. Hwy. 93,59901,406-257-0300,406-257-0390,Steve Solomon,"M-SA 10-10, SU 9-9"
571,Louisville,KY,2520 S. Hurstborne Gem Lane,40220,502-495-6640,502-495-1435,Sara Hyatt,"M-TH 10-10, F-SA 10-11, SU 10-9"
572,Ames,IA,1200 South Duff Avenue,50010,515-233-2833,515-233-2830,Sarah Laaser,"M-TH 9-10, F-SA 9-11, SU 10-8"
573,Flemington,NJ,325 Highway 202,08822,908-788-5589,908-788-5944,Vincent Russo,"M-SA 9-11, SU 9-9"
575,Matteson,IL,4824 West 211th Street,60443,708-679-1835,708-679-1935,RaeAnn Racine,"M-SA 9-11, SU 9-9"
576,Pico Rivera,CA,8852 Washington Blvd.,90660,562-942-9919,562-942-9992,Ruth Miranda,"M-TH 10-10, F-SA 10-11, SU 10-10"
580,The Woodlands,TX,"9595 Six Pines Drive, Suite 400",77380,832-585-0051,832-585-0052,Scout Johnson,
581,Carson City,NV,"911 Topsy Lane, Suite 102",89705,775-267-0755,775-267-0374,Rachel Holbrook-McClure,"M-TH 9-10, F-SA 9-11, SU 9-9"
583,Clifton Park,NY,3 South Side Drive,12065,518-383-2121,518-383-2227,John Szarowski,M-SU 9-11
584,Burleson,TX,1131 N. Burleson Blvd.,76028,817-447-8660,817-447-8606,Connie Rudd,"M-TH 9-10, F-SA 9-11, SU 10-8"
585,Albuquerque,NM,"5901 Wyoming Blvd. NE, Suite P",87109,505-797-5681,505-797-5684,Dan Vasquez,"M-TH 9-10, F-SA 9-11, SU 9-9"
587,San Jose,CA,"925 Blossom Hill Road, Suite 1741",95123,408-363-6900,408-363-6922,David Gough,
588,Mason,OH,5105 Deerfield Blvd,45040,513-770-0440,513-770-0477,Majorie Palopoli,"M-SA 9-11, SU 9-9"
589,Simi Valley,CA,2910 Tapo Canyon Road,93063,805-526-2800,805-526-2890,Ryan Thomas,"M-TH 10-10, F-SA 10-11, SU 10-10"
590,Marlborough,MA,739 Donald J. Lynch Blvd.,01752,508-490-8521,508-490-8523,Karen Lachance,"M-TH 10-10, F-SA 10-11, SU 10-8"
591,Keene,NH,30 Ash Brook Road,03431,603-357-7667,603-357-6776,Cynthia Rioux,"M-TH 9-10, F-SA 9-11, SU 10-8"
592,New York,NY,10 Columbus Circle,10019,212-823-9775,212-823-9784,Michael Kelley,"M-F 8-10, SA 10-10, SU 11-8"
593,Clearwater,FL,2683 Gulf to Bay Blvd.,33759,727-723-2300,727-723-2334,Dan Noah,"M-SA 9-11, SU 9-9"
594,Riverhead,NY,1500 Old Country Road,11901,631-284-2222,631-284-2221,Mark Davies,"M-TH 10-10, F-SA 9-11, SU 9-9"
595,Wappingers Falls,NY,1820 South Road,12590,845-297-3700,845-297-4666,Michael Blakes,"M-TH 9-10, F-SA 9-11,  SU 10-9"
596,Avondale,AZ,10100 W. McDowell Road,85323,623-478-9880,623-478-9891,Chris Bezile,"M-TH 9-10, F-SA 9-11, SU 9-9"
611,Detroit,MI,1012 Woodward Avenue,48226,313-963-8840,313-963-8841,Tonya Van Gieson,"M-F 8-7, SA 9-6, SU 11-5"
612,Dallas,TX,3600 McKinney Avenue,75204,214-219-0512,214-219-0518,Jenny Horn,"M-F 10-11, SA 9-11,  SU 10-10"
615,Louisville,KY,3024 Bardstown Rd,40205,502-456-6660,502-454-4841,Greg Zoeller,"M-SA 9-10, SU 9-7"
616,Louisville,KY,4600 Shelbyville Rd,40207,502-893-0133,502-896-0452,Mike Jones,"M-SA 9-10, SU 9-7"
618,Sacramento,CA,4750 Natomas Blvd,95835,916-515-1944,916-515-1948,John Sharp,
619,Lynnwood,WA,"3000 184th St. SW, Suite 910",98037,425-776-7530,425-776-7960,Rebecca Taylor,
620,St. Louis,MO,25 S. County Centerway,63129,314-892-1700,314-892-1708,Christina Stergos,
621,Stockton,CA,10776 Trinity Parkway,95219,209-951-2226,209-951-2227,Susan Honn,
625,Dubuque,IA,555 John F. Kennedy Road,52002,563-585-0085,563-585-0086,Becky Hauder,
626,Sarasota,FL,3800 S. Tamiami Trail,34239,941-366-7970,941-366-7982,Deborah Dennis,
629,Vancouver,WA,811 S.E. 160th Avenue,98683,360-891-2060,360-891-2063,Peter Pundans,"M-TH 10-10, F-SA 10-11, SU 10-9"
631,Algonquin,IL,2216 South Randall Road,60102,847-658-7548,847-658-9528,Katie Nabong,
632,Mayaguez,PR,"Avenida Hostos 975, Suite 765",00680,787-833-4333,787-833-4336,Ingrid Pico,
636,Stafford,VA,1240 Stafford Market Place,22556,540-720-9636,540-720-9637,Kerri Dodson,
653,Toledo,OH,"5001 Monroe Street, Suite 1800",43623,419-474-3704,419-474-9214,Diane Routson,
654,Tarentum,PA,133 Pittsburgh Mills Circle,15084,724-275-5820,724-275-5821,Teresa Iwinski,
656,Riverside,CA,3615 Riverside Plaza Drive,92506,951-222-0313,951-222-0319,Awnna Lovelady,
658,St. Joseph,MO,"5201 North Belt Highway, Suite 127",64506,816-279-6111,816-279-6333,Melissa Frakes,
